file_id,title,url,folder,filename,type,status,licence,date_downloaded,notes
G01,"VA/DoD Clinical Practice Guideline for Rehabilitation of Individuals with Lower Limb Amputation (Version 3.0, 2024)",https://www.healthquality.va.gov/HEALTHQUALITY/guidelines/Rehab/amp/LLA-CPG_2024-Guideline_final_20250110.pdf,01_guidelines,G01_VADoD_2024_Lower_Limb_Amputation_CPG.pdf,guideline,downloaded,not shown,2026-10-05,Direct PDF download.
G02,"VA/DoD Clinical Practice Guideline for the Management of Upper Limb Amputation Rehabilitation (Version 2.0, 2022)",https://www.healthquality.va.gov/guidelines/Rehab/ULA/,01_guidelines,G02_VADoD_2022_Upper_Limb_Amputation_CPG.pdf,guideline,downloaded,not shown,2026-10-05,"Full guideline PDF linked on the given page: https://www.healthquality.va.gov/HEALTHQUALITY/guidelines/Rehab/ULA/VADODULACPG_Final_508.pdf. Page also links provider summary, pocket cards and patient summary (not downloaded)."
G03,A Clinical Practice Guideline for the Use of Ankle-Foot Orthoses and Functional Electrical Stimulation Post-Stroke,https://journals.lww.com/jnpt/Fulltext/2021/04000/A_Clinical_Practice_Guideline_for_the_Use_of.6.aspx,01_guidelines,G03_APTA_ANPT_2021_AFO_FES_Stroke_CPG.pdf,guideline,needs manual download,not shown (page blocked),,Site returned Cloudflare 'security verification' to direct request and to one browser attempt; not completed. Paywall/free status could not be checked. Title/DOI from Crossref: doi:10.1097/NPT.0000000000000347; J Neurol Phys Ther 2021;45(2):112-196 (Johnston et al.).
G04,2016 SOSORT guidelines: orthopaedic and rehabilitation treatment of idiopathic scoliosis during growth,https://pmc.ncbi.nlm.nih.gov/articles/PMC5795289/,01_guidelines,G04_SOSORT_2016_Scoliosis_Guideline.pdf,guideline,downloaded,CC BY 4.0,2026-10-05,"Publisher PDF (BioMed Central, 48 pages, original page numbers), supplied by the user. On 2026-10-05 it replaced the given PMC page printed to PDF (145 pages, print date and URL on every page), so cited page numbers match the published article. Licence stated in the PDF. Scoliosis Spinal Disord 2018;13:3, doi:10.1186/s13013-017-0145-8."
G05,Centers for Medicare & Medicaid Services Health Technology Assessment - Lower Limb Prosthetic Workgroup Consensus Document (September 2017),https://www.cms.gov/Medicare/Coverage/Determinationprocess/Downloads/Llp_Consensus_Document.pdf,01_guidelines,G05_CMS_2017_LLP_Consensus_K-levels.pdf,guideline,downloaded,not shown,2026-10-05,Direct PDF download.
G06,WHO standards for prosthetics and orthotics. Part 1: Standards (2017),https://www.who.int/publications-detail-redirect/9789241512480,01_guidelines,G06_WHO_2017_Prosthetics_Orthotics_Standards.pdf,guideline,downloaded,CC BY-NC-SA 3.0 IGO,2026-10-05,"Given page is HTML and links the publication as 2 PDFs. Saved Part 1 (Standards, English) from WHO IRIS: https://iris.who.int/server/api/core/bitstreams/0288426b-1f89-4fc8-ab83-a653107a657e/content (the page's apps.who.int link redirects to IRIS). Part 2 and the Arabic editions are rows G06-P2, G06-AR1, G06-AR2. French/Spanish/Vietnamese versions linked from the same page were not downloaded. Licence stated in the PDF and the IRIS record."
G06-P2,WHO standards for prosthetics and orthotics. Part 2: Implementation manual (2017),https://www.who.int/publications-detail-redirect/9789241512480,01_guidelines,G06-P2_WHO_2017_Prosthetics_Orthotics_Implementation_Manual.pdf,guideline,downloaded,CC BY-NC-SA 3.0 IGO,2026-10-05,Added at user's request 2026-10-05. English Part 2 linked from the given page; saved from WHO IRIS: https://iris.who.int/server/api/core/bitstreams/495c100c-9bb2-4577-8354-8efa294c9ecd/content. Licence per IRIS record and PDF.
G06-AR1,WHO standards for prosthetics and orthotics. Part 1: Standards - Arabic edition (2019),https://www.who.int/publications-detail-redirect/9789241512480,01_guidelines,G06-AR1_WHO_2017_Prosthetics_Orthotics_Standards_Part1_Arabic.pdf,guideline,downloaded,CC BY-NC-SA 3.0 IGO,2026-10-05,"Added at user's request 2026-10-05. Arabic Part 1 (ISBN 978-92-4-651248-5, 2019) linked from the given page; saved from WHO IRIS: https://iris.who.int/server/api/core/bitstreams/65cd5655-5daf-4610-bfa7-1dd89305aa54/content. 84 pages. Arabic text extracts correctly with pypdf but NOT with pdftotext."
G06-AR2,WHO standards for prosthetics and orthotics. Part 2: Implementation manual - Arabic edition (2019),https://www.who.int/publications-detail-redirect/9789241512480,01_guidelines,G06-AR2_WHO_2017_Prosthetics_Orthotics_Implementation_Manual_Part2_Arabic.pdf,guideline,downloaded,CC BY-NC-SA 3.0 IGO,2026-10-05,"Added at user's request 2026-10-05. Arabic Part 2 (ISBN 978-92-4-651328-4, 2019) linked from the given page; saved from WHO IRIS: https://iris.who.int/server/api/core/bitstreams/a09cecdc-1756-4e27-971d-f67566c23ddf/content. 112 pages. Arabic text extracts correctly with pypdf but NOT with pdftotext."
G07,"Rehabilitation nach Majoramputation an der oberen Extremität (proximal der Hand), S2k-Leitlinie, AWMF-Register Nr. 187-061 (Version 1.0, 2024)",https://register.awmf.org/assets/guidelines/187-061l_S2k_Rehabilitation-Majoramputation-obere-Extremitaet-proximal-Hand_2024-08.pdf,01_guidelines,G07_AWMF_2024_Upper_Limb_Amputation_Rehab_S2k_German.pdf,guideline,downloaded,not shown,2026-10-05,"German. Downloaded by the user; original filename 187-061l_S2k_Rehabilitation-Majoramputation-obere-Extremitaet-proximal-Hand_2024-08.pdf, the same as the AWMF register file at the URL. Lead society: DGOU. 59 pages. No licence statement found in the PDF."
S009,Effectiveness of an ankle–foot orthosis on walking in patients with stroke: a systematic review and meta-analysis,https://pmc.ncbi.nlm.nih.gov/articles/PMC8342539/,02_evidence_reviews,S009_Choo2021_AFO_Stroke_MetaAnalysis.pdf,review,downloaded,CC BY 4.0,2026-10-05,"Publisher PDF (Scientific Reports, 12 pages, original page numbers), supplied by the user. On 2026-10-05 it replaced the given PMC page printed to PDF (33 pages, print date and URL on every page), so cited page numbers match the published article. Licence stated in the PDF. Sci Rep 2021;11:15879, doi:10.1038/s41598-021-95449-x."
S011,3D printed transtibial prosthetic sockets: A systematic review,https://journals.plos.org/plosone/article?id=10.1371/journal.pone.0275161,02_evidence_reviews,S011_Kim2022_3D_Printed_Sockets_SR.pdf,review,downloaded,CC BY 4.0,2026-10-05,Publisher PDF linked from the given page: https://journals.plos.org/plosone/article/file?id=10.1371/journal.pone.0275161&type=printable
S013,The Current State of 3D-Printed Prostheses Clinical Outcomes: A Systematic Review,https://pmc.ncbi.nlm.nih.gov/articles/PMC12565071,02_evidence_reviews,S013_Atallah2025_3D_Printed_Prostheses_SR.pdf,review,downloaded,CC BY 4.0,2026-10-05,"Publisher PDF (MDPI, 14 pages, original page numbers), supplied by the user. On 2026-10-05 it replaced the given PMC page printed to PDF (29 pages, print date and URL on every page), so cited page numbers match the published article. Licence stated in the PDF. J Funct Biomater 2025;16(10):370, doi:10.3390/jfb16100370."
S006,Machine Learning Model for Predicting Walking Ability in Lower Limb Amputees,https://www.mdpi.com/2077-0383/13/22/6763/pdf,02_evidence_reviews,S006_Knezevic2024_ML_Walking_Ability.pdf,study,downloaded,CC BY 4.0,2026-10-05,"Downloaded manually by the user (MDPI blocked automated download); original filename jcm-13-06763-v3.pdf. Original study, not a review. 20 pages. Licence stated in the PDF. J Clin Med 2024;13:6763, doi:10.3390/jcm13226763."
R01,"Comparisons of (cost-)effectiveness of manual, hybrid, and digital shape capture and shape design techniques for transtibial and transfemoral prosthetic sockets: A scoping review",https://repository.tudelft.nl/file/File_4a4dbdcb-1e57-499d-91d0-f610b8634a8e,02_evidence_reviews,R01_vanGastel2026_Digital_Sockets_ScopingReview.pdf,review,downloaded,CC BY,2026-10-05,"Direct PDF from TU Delft repository ('Final published version'; cover page says 'Licence CC BY', no version given). Prosthet Orthot Int 2026, doi:10.1097/PXR.0000000000000531."
R02,Efficacy of Lower Limb Orthoses in the Rehabilitation of Children Affected by Cerebral Palsy: A Systematic Review,https://pmc.ncbi.nlm.nih.gov/articles/PMC10887911/,02_evidence_reviews,R02_Miccinilli2024_Paediatric_AFO_Review.pdf,review,downloaded,CC BY 4.0,2026-10-05,"Publisher PDF (MDPI, 11 pages, original page numbers), supplied by the user. On 2026-10-05 it replaced the given PMC page printed to PDF (24 pages, print date and URL on every page), so cited page numbers match the published article. Licence stated in the PDF. Children (Basel) 2024;11(2):212, doi:10.3390/children11020212."
R03,The prevalence and risk factors for phantom limb pain in people with amputations: A systematic review and meta-analysis,https://journals.plos.org/plosone/article?id=10.1371/journal.pone.0240431,02_evidence_reviews,R03_Limakatso2020_Phantom_Limb_Pain_Prevalence.pdf,review,downloaded,CC BY 4.0,2026-10-05,Publisher PDF linked from the given page: https://journals.plos.org/plosone/article/file?id=10.1371/journal.pone.0240431&type=printable
O01,"Lower Limb Prosthetics Outcome Measures Toolkit Summary (AAOP, 2020)",https://www.oandp.org/-lower-limb-prosthetics-outcome-measures-toolkit-summary,03_outcome_measures,O01_AAOP_2020_LowerLimb_Outcome_Measures_Toolkit.pdf,outcome_measure,downloaded,not shown,2026-10-05,"HTML page, no PDF offered. Site firewall blocked headless browser printing, so the page HTML (fetched normally) was printed to PDF locally with scripts removed; 8 pages. PDF footer shows a local file path, not the URL. Page footer: 'Copyright (c) 2026 - American Academy of Orthotists and Prosthetists'. Suggested citation on page: Klenow TD et al., AAOP Outcomes Research Committee, 2020."
O02,Identifying Instruments to Assess Care Quality for Individuals With Custom Ankle Foot Orthoses: A Scoping Review,https://www.sralab.org/sites/default/files/downloads/2021-06/Fatone%202020%20article.pdf,03_outcome_measures,O02_Fatone2020_Custom_AFO_Outcome_Measures.pdf,outcome_measure,downloaded,not shown,2026-10-05,Direct PDF hosted by Shirley Ryan AbilityLab (an author affiliation). Arch Phys Med Rehabil 2020; page numbers not assigned in this version. PDF carries '(c) 2020 by the American Congress of Rehabilitation Medicine'; no open licence stated.
S016,Retrieval augmented generation for large language models in healthcare: A systematic review,https://journals.plos.org/digitalhealth/article?id=10.1371/journal.pdig.0000877,04_ai_safety_regulation,S016_Amugongo2025_RAG_Healthcare_SR.pdf,review,downloaded,CC BY 4.0,2026-10-05,Publisher PDF linked from the given page: https://journals.plos.org/digitalhealth/article/file?id=10.1371/journal.pdig.0000877&type=printable
A01,An automated framework for assessing how well LLMs cite relevant medical references,https://www.nature.com/articles/s41467-025-58551-6,04_ai_safety_regulation,A01_Wu2025_SourceCheckup_Citation_Support.pdf,review,downloaded,CC BY-NC-ND 4.0,2026-10-05,Publisher PDF linked from the given page: https://www.nature.com/articles/s41467-025-58551-6.pdf. Nat Commun 2025. Licence is NonCommercial-NoDerivatives.
A02,"Clinical Decision Support Software - Guidance for Industry and Food and Drug Administration Staff (issued January 29, 2026)",https://www.fda.gov/media/109618/download,04_ai_safety_regulation,A02_FDA_2026_Clinical_Decision_Support_Guidance.pdf,regulation,downloaded,not shown,2026-10-05,"Direct PDF download. Per PDF: issued January 29, 2026; supersedes the version issued January 6, 2026. Contains nonbinding recommendations."
A03,MDCG 2019-11 Rev.1 - Guidance on Qualification and Classification of Software in Regulation (EU) 2017/745 - MDR and Regulation (EU) 2017/746 - IVDR,https://health.ec.europa.eu/document/download/b45335c5-1679-4c71-a91c-fc7a4d37f12b_en?filename=mdcg_2019_11_en.pdf,04_ai_safety_regulation,A03_EU_MDCG_2019-11_Medical_Device_Software.pdf,regulation,downloaded,not shown,2026-10-05,"Direct PDF download. Per PDF: October 2019, revision 1 June 2025."
S001,A kinematic and kinetic dataset of 18 above-knee amputees walking at various speeds,https://www.nature.com/articles/s41597-020-0494-7,05_datasets/S001_Hood2020_AboveKnee_Amputee_Gait,S001_Hood2020_paper.pdf,dataset,downloaded,CC BY 4.0,2026-10-05,Paper (Sci Data 2020). Publisher PDF: https://www.nature.com/articles/s41597-020-0494-7.pdf. Data Records: Figshare collection doi:10.6084/m9.figshare.c.4962305 (article 10308443).
S001-DOCS,Lower Limb Kinetic and Kinematic Data of 18 Above Knee Amputees - documentation and scripts,https://doi.org/10.6084/m9.figshare.10308443,05_datasets/S001_Hood2020_AboveKnee_Amputee_Gait/data,READ ME Springer Nature.docx; Subject Information.xlsx; 4 MATLAB .m scripts,dataset,downloaded,CC BY 4.0,2026-10-05,"6 small files (<1 MB total), MD5 verified against Figshare."
S001-ZIPS,Lower Limb Kinetic and Kinematic Data of 18 Above Knee Amputees - subject data (TF01-TF20.zip),https://doi.org/10.6084/m9.figshare.10308443,05_datasets/S001_Hood2020_AboveKnee_Amputee_Gait/data,18 files TF##.zip,dataset,downloaded,CC BY 4.0,2026-10-08,"User approved download 2026-10-05. IN PROGRESS via 00_registry/fetch_figshare_data.py (status switches to downloaded when all files are MD5-verified). 18 zips, 13.0 GB total; 16 files >500 MB (largest TF14.zip 1.28 GB). Not unzipped."
S002,A dataset of optical camera and IMU sensor derived kinematics of thirty transtibial prosthesis wearers,https://www.nature.com/articles/s41597-024-03677-3,05_datasets/S002_Samala2024_Transtibial_IMU_Optical,S002_Samala2024_paper.pdf,dataset,downloaded,CC BY-NC-ND 4.0,2026-10-05,Paper (Sci Data 2024). Publisher PDF: https://www.nature.com/articles/s41597-024-03677-3.pdf. Paper licence is NonCommercial-NoDerivatives; data licence differs (see S002-DATA).
S002-DATA,A dataset of optical camera and IMU sensor derived kinematics of thirty transtibial prosthesis wearers - data files,https://doi.org/10.6084/m9.figshare.25698006.v1,05_datasets/S002_Samala2024_Transtibial_IMU_Optical/data,"34 files (S01-S30.zip, READMEs, Participant information.xlsx, Joint Angle.v3s)",dataset,downloaded,CC BY 4.0,2026-10-06,"Figshare article 25698006: 34 files, 394.8 MB total, all under 500 MB (largest 18 MB). Downloaded via 00_registry/fetch_figshare_data.py (status switches to downloaded when all files are MD5-verified). Not unzipped."
D01,"GaitRec, a large-scale ground reaction force dataset of healthy and impaired gait",https://www.nature.com/articles/s41597-020-0481-z,05_datasets/D01_GaitRec_Pathological_Gait,D01_GaitRec_paper.pdf,dataset,downloaded,CC BY 4.0,2026-10-05,Paper (Sci Data 2020). Publisher PDF: https://www.nature.com/articles/s41597-020-0481-z.pdf. Data Records: Figshare collection doi:10.6084/m9.figshare.c.4788012.
D01-DATA,GaitRec: A large-scale ground reaction force dataset of healthy and impaired gait - data files,https://doi.org/10.6084/m9.figshare.c.4788012.v1,05_datasets/D01_GaitRec_Pathological_Gait/data,20 GRF_*.csv + GRF_metadata.csv + data_import.ipynb + data_import.m,dataset,downloaded,CC0,2026-10-07,"User approved download 2026-10-05. IN PROGRESS via 00_registry/fetch_figshare_data.py (status switches to downloaded when all files are MD5-verified). 23 files, 4.13 GB total; no single file over 500 MB (largest GRF_COP_AP_RAW_left.csv 285.6 MB)."
G08,"S2k-Leitlinie Rehabilitation nach Majoramputation an der unteren Extremität (proximal des Fußes) (AWMF 187-056, formerly 033-044; version 4.0, 24.06.2019)",https://register.awmf.org/de/leitlinien/detail/187-056,01_guidelines,G08_AWMF_2019_Lower_Limb_Amputation_Rehab_S2k_German.pdf,guideline,downloaded,not shown,2026-10-08,"German. EXPIRED: AWMF register (checked 2026-10-08) says 'Gültig bis 23.06.2024 (in Überarbeitung)' and 'Seit > 5 Jahren nicht aktualisiert, Leitlinie wird zur Zeit überarbeitet'; the PDF carries the same warning. Still the only German national guideline on lower-limb amputee rehab, and the register still offers it. Lead society DGOU (DGOOC section). PDF: https://register.awmf.org/assets/guidelines/033-044l_S2k_Rehabilitation_Majoramputation-untere_Extremitaet_2019-09-abgelaufen.pdf. 43 pages."
G09,"S2k-Leitlinie Rehabilitation von sensomotorischen Störungen (AWMF 030-123; version 4.0, 01.02.2023)",https://register.awmf.org/de/leitlinien/detail/030-123,01_guidelines,G09_AWMF_2023_Sensorimotor_Rehab_S2k_German.pdf,guideline,downloaded,not shown,2026-10-08,"German. Valid until 31.01.2028 (register). DGN + DGiNR. Neurological rehab of sensorimotor deficits, mainly after stroke: assessment, exercise and device-based therapy (FES 31 mentions; orthoses only 4). Takes over the old stroke-mobility guideline ReMoS. Its successor TheMoS (S3, 080-004) is only registered, planned 31.03.2026, not published (checked 2026-10-08). Page footer: '© DGN 2023'. PDF: https://register.awmf.org/assets/guidelines/030-123l_S2k_Rehabilitation-von-sensomotorischen-_Stoerungen_2023-05.pdf. 100 pages."
G10,"S2e-Leitlinie Rehabilitation der unteren Extremität, der Steh- und Gehfunktion bei Menschen mit Querschnittlähmung (AWMF 179-009; version 2.0, 11.07.2024)",https://register.awmf.org/de/leitlinien/detail/179-009,01_guidelines,G10_AWMF_2024_SCI_Standing_Walking_Rehab_S2e_German.pdf,guideline,downloaded,not shown,2026-10-08,"German. Valid until 10.07.2029. Spinal cord injury: standing and walking rehab; FES is a main topic (29 mentions), orthoses and exoskeletons are mentioned only once each. PDF: https://register.awmf.org/assets/guidelines/179-009l_S2e_Rehabilitation-untere-Extremitaet-Stehfunktion-Gehfunktion-Querschnittlaehmung_2024-07_1.pdf. 47 pages."
G11,"S3-Leitlinie Diagnostik und Therapie der unilateralen spastischen Zerebralparese (LL-uCP) (AWMF 071-014; version 1.0, 14.10.2025)",https://register.awmf.org/de/leitlinien/detail/071-014,01_guidelines,G11_AWMF_2025_Unilateral_Spastic_CP_S3_German.pdf,guideline,downloaded,not shown,2026-10-08,German. Valid until 13.10.2030. Highest AWMF class (S3). Lead DGSPJ. Covers orthoses for children with unilateral CP. Long version (file dated 2026-05): https://register.awmf.org/assets/guidelines/071-014l_S3_Diagnostik_Therapie_unilaterale_spastische_Zerebralparese_LL-uCP_2026-05.pdf. 395 pages; short ('k') and patient ('p') versions also on the register.
G12,"S2k-Leitlinie Adoleszente Idiopathische Skoliose (AWMF 151-002; version 1.0, 15.03.2023)",https://register.awmf.org/de/leitlinien/detail/151-002,01_guidelines,G12_AWMF_2023_Adolescent_Idiopathic_Scoliosis_S2k_German.pdf,guideline,downloaded,not shown,2026-10-08,"German. Valid until 14.03.2028. Lead: Deutsche Wirbelsäulengesellschaft. German counterpart of G04 (SOSORT), incl. bracing. PDF: https://register.awmf.org/assets/guidelines/151-002l_Sk_Adoleszente-Idiopathische-Skoliose_2023-03.pdf. 138 pages."
G13,"S2k-Leitlinie Kindlicher Knick-Senkfuß (AWMF 187-053; version 4.0, 02.06.2022)",https://register.awmf.org/de/leitlinien/detail/187-053,01_guidelines,G13_AWMF_2022_Paediatric_Flexible_Flatfoot_S2k_German.pdf,guideline,downloaded,not shown,2026-10-08,"German. Valid until 01.06.2027, already marked 'in Überarbeitung'. Lead DGOU. Foot orthoses/insoles in children. PDF: https://register.awmf.org/assets/guidelines/187-053l_S2k_Kindlicher-Knick-Senkfuss_2022-11.pdf. 31 pages."
G14,VA/DoD Clinical Practice Guideline for Management of Stroke Rehabilitation (2024),https://www.healthquality.va.gov/guidelines/Rehab/stroke/,01_guidelines,G14_VADoD_2024_Stroke_Rehabilitation_CPG.pdf,guideline,downloaded,not shown,2026-10-08,"Full guideline PDF linked on the given page: https://www.healthquality.va.gov/HEALTHQUALITY/guidelines/Rehab/stroke/VADOD-2024-Stroke-Rehab-CPG-Full-CPG_final_508.pdf. 242 pages. Covers ankle-foot orthoses and FES after stroke, so it also fills the gap left by G03 (APTA/ANPT CPG, still needs manual download)."
G15,"Package of interventions for rehabilitation. Module 2: musculoskeletal conditions (WHO, 2023)",https://www.who.int/publications/i/item/9789240071100,01_guidelines,G15_WHO_2023_PIR_Module2_Musculoskeletal.pdf,guideline,downloaded,CC BY-NC-SA 3.0 IGO,2026-10-08,"English (only English and Italian exist; no Arabic edition, checked in WHO IRIS 2026-10-08). Includes the rehabilitation package for lower limb amputation: interventions, assistive products, workforce. Saved from WHO IRIS: https://iris.who.int/server/api/core/bitstreams/b391d235-448f-4a16-97fc-70a6c0f58870/content. 108 pages. Licence stated in the PDF."
G16,"Package of interventions for rehabilitation. Module 3: neurological conditions (WHO, 2023)",https://www.who.int/publications/i/item/9789240071131,01_guidelines,G16_WHO_2023_PIR_Module3_Neurological.pdf,guideline,downloaded,CC BY-NC-SA 3.0 IGO,2026-10-08,"English. Rehab packages for stroke, spinal cord injury, traumatic brain injury, cerebral palsy, Parkinson disease, dementia. Saved from WHO IRIS: https://iris.who.int/server/api/core/bitstreams/6c0d3f5d-6d20-4424-af4b-4f6ff04b84e3/content. 192 pages. Licence stated in the PDF."
G17,IWGDF Guidelines on the prevention and management of diabetes-related foot disease (2023),https://iwgdfguidelines.org/guidelines-2023/,01_guidelines,G17_IWGDF_2023_Diabetic_Foot_Guidelines.pdf,guideline,downloaded,not shown,2026-10-08,"English. Combined PDF of all 7 IWGDF 2023 guidelines + practical guidelines (prevention incl. therapeutic footwear/orthoses, offloading, PAD, infection, wound healing, classification, Charcot). Diabetes is a leading cause of lower-limb amputation. PDF: https://iwgdfguidelines.org/wp-content/uploads/2023/07/IWGDF-Guidelines-2023.pdf. 349 pages, 14.9 MB. Only '© 2023' shown; no licence text found in the PDF."
G18,Fortschreibung der Produktgruppe 24 'Beinprothesen' des Hilfsmittelverzeichnisses nach § 139 SGB V vom 19.02.2024 (GKV-Spitzenverband),https://www.gkv-spitzenverband.de/krankenversicherung/hilfsmittel/hilfsmittelverzeichnis/fortschreibungen_der_produktgruppen/fortschreibungen_der_produktgruppen.jsp,01_guidelines,G18_GKV_2024_PG24_Leg_Prostheses_German.pdf,regulation,downloaded,not shown,2026-10-08,"German statutory health insurance catalogue for leg prostheses: definitions, indications and Mobilitätsgrade 0-4 (Germany's counterpart of the Medicare K-levels in G05) per component type. Complete official product group: general definition/indication section first, then requirement specifications for every product type (most of the pages). For search, the definition and indication parts are the useful ones. 548 pages (Mobilitätsgrad on 135). PDF: https://www.gkv-spitzenverband.de/media/dokumente/krankenversicherung_1/hilfsmittel/fortschreibungen_aktuell/2024_02/20240219_Fortschreibung_Produktgruppe_24_Beinprothesen.pdf"
G18-F,"Profilerhebungsbogen für die Versorgung mit Beinprothesen (GKV-Spitzenverband, 19.02.2024)",https://www.gkv-spitzenverband.de/krankenversicherung/hilfsmittel/hilfsmittelverzeichnis/fortschreibungen_der_produktgruppen/fortschreibungen_der_produktgruppen.jsp,01_guidelines,G18-F_GKV_2024_PG24_Profile_Assessment_Form_German.pdf,assessment_form,downloaded,not shown,2026-10-08,"German. The official assessment form used to set the mobility grade and activity level for a leg prosthesis, i.e. Germany's structured intake for use cases 01/02. 16 pages. Listed on https://www.gkv-spitzenverband.de/krankenversicherung/hilfsmittel/hilfsmittelverzeichnis/fortschreibungen_der_produktgruppen/fortschreibungen_der_produktgruppen.jsp. PDF: https://www.gkv-spitzenverband.de/media/dokumente/krankenversicherung_1/hilfsmittel/fortschreibungen_aktuell/2024_02/20240219_Profilerhebungsbogen_fuer_die_Versorgung_mit_Beinprothesen.pdf"
G19,Fortschreibung der Produktgruppe 38 'Armprothesen' des Hilfsmittelverzeichnisses nach § 139 SGB V vom 05.10.2023 (GKV-Spitzenverband),https://www.gkv-spitzenverband.de/krankenversicherung/hilfsmittel/hilfsmittelverzeichnis/fortschreibungen_der_produktgruppen/fortschreibungen_der_produktgruppen.jsp,01_guidelines,G19_GKV_2023_PG38_Arm_Prostheses_German.pdf,regulation,downloaded,not shown,2026-10-08,"German catalogue for arm prostheses: definitions and indications per component type. Complete official product group: general definition/indication section first, then requirement specifications for every product type (most of the pages). For search, the definition and indication parts are the useful ones. 446 pages. PDF: https://www.gkv-spitzenverband.de/media/dokumente/krankenversicherung_1/hilfsmittel/fortschreibungen_aktuell/10_2023/20231005_Fortschreibung_Produktgruppe_38_Armprothesen.pdf"
G19-F,"Profilerhebungsbogen für die Versorgung mit Armprothesen (GKV-Spitzenverband; form 'Stand: 17.10.2022', published with the PG 38 update of 05.10.2023)",https://www.gkv-spitzenverband.de/krankenversicherung/hilfsmittel/hilfsmittelverzeichnis/fortschreibungen_der_produktgruppen/fortschreibungen_der_produktgruppen.jsp,01_guidelines,G19-F_GKV_2023_PG38_Profile_Assessment_Form_German.pdf,assessment_form,downloaded,not shown,2026-10-08,German. Official assessment form for upper-limb prosthesis provision. 10 pages. Listed on https://www.gkv-spitzenverband.de/krankenversicherung/hilfsmittel/hilfsmittelverzeichnis/fortschreibungen_der_produktgruppen/fortschreibungen_der_produktgruppen.jsp. PDF: https://www.gkv-spitzenverband.de/media/dokumente/krankenversicherung_1/hilfsmittel/fortschreibungen_aktuell/10_2023/Profilerhebungsbogen_fuer_die_Versorgung_mit_Armprothesen.pdf
G20,Fortschreibung der Produktgruppe 23 'Orthesen' des Hilfsmittelverzeichnisses nach § 139 SGB V vom 02.12.2025 (GKV-Spitzenverband),https://www.gkv-spitzenverband.de/krankenversicherung/hilfsmittel/hilfsmittelverzeichnis/fortschreibungen_der_produktgruppen/fortschreibungen_der_produktgruppen.jsp,01_guidelines,G20_GKV_2025_PG23_Orthoses_German.pdf,regulation,downloaded,not shown,2026-10-08,"German catalogue of orthoses (AFO, KAFO, spinal, upper limb ...): definition, indication and material/design per orthosis type. Complete official product group: general definition/indication section first, then requirement specifications for every product type (most of the pages). For search, the definition and indication parts are the useful ones. 1,166 pages (2.15 million characters, more than the rest of the library); do not ingest whole. PDF: https://www.gkv-spitzenverband.de/media/dokumente/krankenversicherung_1/hilfsmittel/fortschreibungen_aktuell/12_2025/2025_12_02_Produktgruppe_23_Orthesen.pdf"
R04,"Lower Limb Prostheses: Measurement Instruments, Comparison of Component Effects by Subgroups, and Long-Term Outcomes (AHRQ Comparative Effectiveness Review No. 213, 2018)",https://effectivehealthcare.ahrq.gov/products/prosthesis/research,02_evidence_reviews,R04_Balk2018_AHRQ_Lower_Limb_Prostheses_CER213.pdf,review,needs manual download,not shown,,"Full report PDF linked on the page: https://effectivehealthcare.ahrq.gov/sites/default/files/related_files/cer-213-lower-limb-protheses-report.pdf. Direct download blocked by an AWS WAF JavaScript challenge (HTTP 202); the page opened normally in the browser once, but the pane cannot save files. NCBI Bookshelf copy (NBK531523) showed a reCAPTCHA. Page marks it 'ARCHIVED Sep 6, 2018 ... should not be considered current'. Balk EM et al. Evidence on which patient characteristics predict benefit from which prosthetic components (use case 02)."
R05,"Feasibility of Designing, Manufacturing and Delivering 3D Printed Ankle-Foot Orthoses: An Updated Systematic Review",https://pmc.ncbi.nlm.nih.gov/articles/PMC12687059/,02_evidence_reviews,R05_Wang2025_3D_Printed_AFO_Updated_SR.pdf,review,downloaded,CC BY 4.0,2026-10-08,"Wang JZ et al. J Foot Ankle Res 2025;18(4):e70097, doi:10.1002/jfa2.70097. Publisher PDF (Wiley) returned 403 and the PMC PDF link is behind a proof-of-work bot check, so the PMC HTML article page was saved as PDF (Edge print; date header and URL footer on each page). 41 pages. Licence linked on the PMC page. Digital orthosis design workflow (orthotics capability 04)."
R06,Gait analysis methods in rehabilitation,https://jneuroengrehab.biomedcentral.com/articles/10.1186/1743-0003-3-4,02_evidence_reviews,R06_Baker2006_Gait_Analysis_Methods_Rehabilitation.pdf,review,downloaded,CC BY 2.0,2026-10-08,Baker R. J NeuroEng Rehabil 2006;3:4. Publisher PDF: https://jneuroengrehab.biomedcentral.com/counter/pdf/10.1186/1743-0003-3-4.pdf. 10 pages. Licence stated in the PDF. Clinical gait analysis methods and interpretation (use case 04).
K01,Prosthetic Gait Analysis for Physiotherapists. ICRC Physiotherapy Reference Manual (2014),https://shop.icrc.org/prosthetic-gait-analysis-for-physiotherapists.html,06_professional_knowledge,K01_ICRC_Prosthetic_Gait_Analysis_Physiotherapists.pdf,manual,downloaded,not shown,2026-10-08,"English (also French, Spanish; no Arabic). Free e-book from the ICRC shop: https://shop.icrc.org/download/ebook?sku=4030.05/002-ebook. Gait deviations of prosthesis users with their prosthetic and patient causes: links device to performance (biomechanics). 136 pages. PDF: '© ICRC, January 2014'."
K02,Exercises for Lower-Limb Amputees: Gait Training. ICRC (2008),https://shop.icrc.org/exercises-for-lower-limb-amputees-gait-training.html,06_professional_knowledge,K02_ICRC_Exercises_Lower_Limb_Amputees_Gait_Training.pdf,manual,downloaded,not shown,2026-10-08,"English (also French, Spanish; no Arabic). Free e-book: https://shop.icrc.org/download/ebook?sku=0936/002-ebook. Illustrated exercise programme (weight bearing, balance, gait training): links the device to functional training. 76 pages, mostly illustrations (18k characters). PDF: '© ICRC, September 2008'."
K03,"تكنولوجيات مساعدة لمقدمي الخدمات الطبية والجراحية الذين يستجيبون لحالات الطوارئ: كتيب لسرعة اختيار المنتجات المساعدة الأساسية الستة، وتهيئتها، وتعليم كيفية استخدامها (WHO EMRO, 2024)",https://iris.who.int/handle/10665/379851,06_professional_knowledge,K03_WHO-EMRO_2024_Assistive_Products_Emergencies_Arabic.pdf,manual,downloaded,CC BY-NC-SA 3.0 IGO,2026-10-08,"Arabic. WHO handbook for rapid selection, fitting and use training of six essential assistive products (walking aids, wheelchairs) for medical/surgical providers in emergencies. Covers walking aids and wheelchairs, not prostheses. Saved from IRIS: https://iris.who.int/server/api/core/bitstreams/8716449d-56b2-4fcc-9c43-8e03aaa3aa2f/content. 28 pages; Arabic text extracts with pypdf (22,920 Arabic characters). Licence from the IRIS record (not printed in the PDF)."
K04,"International Classification of Functioning, Disability and Health: ICF (WHO, 2001)",https://iris.who.int/handle/10665/42407,06_professional_knowledge,K04_WHO_2001_ICF_English.pdf,classification,downloaded,not shown,2026-10-08,"English. WHO's standard vocabulary for functioning (body functions/structures, activities, participation, environment incl. prostheses as assistive products): structure for rehab documentation and follow-up (use case 07). Saved from IRIS: https://iris.who.int/server/api/core/bitstreams/83e1c3e0-cf9e-4063-a424-71ccc9a84ded/content. 315 pages. PDF: '© World Health Organization 2001'. No Arabic ICF file in IRIS (the Arabic-titled item 10665/80638 is the WHA54.21 resolution only)."
K05,"Internationale Klassifikation der Funktionsfähigkeit, Behinderung und Gesundheit (ICF), deutsche Fassung (DIMDI, Stand Oktober 2005)",https://iris.who.int/handle/10665/42407,06_professional_knowledge,K05_WHO_2001_ICF_German.pdf,classification,downloaded,not shown,2026-10-08,"German edition of K04, published by DIMDI (WHO collaborating centre). Saved from IRIS: https://iris.who.int/server/api/core/bitstreams/9e5e849e-cb1a-4da9-98c2-3d50ac3c6c9e/content. 191 pages. PDF: '© World Health Organization 2001'; copyright of the German translation with WHO."
K06-AR01,"لمحة عامة عن الأطراف البديلة (MSD Manual Consumer Version, Arabic)",https://www.msdmanuals.com/ar/home/%D8%A7%D9%84%D9%85%D9%88%D8%B6%D9%88%D8%B9%D8%A7%D8%AA-%D8%A7%D9%84%D8%AE%D8%A7%D8%B5%D9%91%D9%8E%D8%A9/%D8%A7%D9%84%D8%A3%D8%B7%D8%B1%D8%A7%D9%81%D9%8F-%D8%A7%D9%84%D8%A8%D8%AF%D9%8A%D9%84%D8%A9-%D8%A3%D9%88-%D8%A7%D9%84%D8%A7%D8%B5%D8%B7%D9%86%D8%A7%D8%B9%D9%8A%D9%91%D9%8E%D8%A9/%D9%84%D9%85%D8%AD%D8%A9-%D8%B9%D8%A7%D9%85%D8%A9-%D8%B9%D9%86-%D8%A7%D9%84%D8%A3%D8%B7%D8%B1%D8%A7%D9%81-%D8%A7%D9%84%D8%A8%D8%AF%D9%8A%D9%84%D8%A9,06_professional_knowledge,K06-AR01_MSD2026_Limb_Prosthetics_Overview_Arabic.txt,reference,downloaded,not shown,2026-10-08,"Arabic, MSD Manual Consumer Version (patient level, not a clinical guideline). Web page, no PDF: article text saved as .txt (headings, paragraphs, list items; NFKC-normalised) with a provenance header. Header names the reviewer and dates in the Hijri calendar. Page footer: '© 2026 ... Merck & Co., Inc., Rahway, NJ, USA ... جميع الحقوق محفوظة' (all rights reserved). Gives the Arabic clinical terms the library lacked (الطرف المتبقي, الطرف الاصطناعي, التورم, الألم). English version: https://www.msdmanuals.com/home/special-subjects/limb-prosthetics/overview-of-limb-prosthetics"
K06-AR02,"أجزاءُ الطرف البديل (MSD Manual Consumer Version, Arabic)",https://www.msdmanuals.com/ar/home/%D8%A7%D9%84%D9%85%D9%88%D8%B6%D9%88%D8%B9%D8%A7%D8%AA-%D8%A7%D9%84%D8%AE%D8%A7%D8%B5%D9%91%D9%8E%D8%A9/%D8%A7%D9%84%D8%A3%D8%B7%D8%B1%D8%A7%D9%81%D9%8F-%D8%A7%D9%84%D8%A8%D8%AF%D9%8A%D9%84%D8%A9-%D8%A3%D9%88-%D8%A7%D9%84%D8%A7%D8%B5%D8%B7%D9%86%D8%A7%D8%B9%D9%8A%D9%91%D9%8E%D8%A9/%D8%A3%D8%AC%D8%B2%D8%A7%D8%A1%D9%8F-%D8%A7%D9%84%D8%B7%D8%B1%D9%81-%D8%A7%D9%84%D8%A8%D8%AF%D9%8A%D9%84,06_professional_knowledge,K06-AR02_MSD2026_Prosthesis_Parts_Arabic.txt,reference,downloaded,not shown,2026-10-08,"Arabic, MSD Manual Consumer Version (patient level, not a clinical guideline). Web page, no PDF: article text saved as .txt (headings, paragraphs, list items; NFKC-normalised) with a provenance header. Header names the reviewer and dates in the Hijri calendar. Page footer: '© 2026 ... Merck & Co., Inc., Rahway, NJ, USA ... جميع الحقوق محفوظة' (all rights reserved). Gives the Arabic clinical terms the library lacked (الطرف المتبقي, الطرف الاصطناعي, التورم, الألم). English version: https://www.msdmanuals.com/home/special-subjects/limb-prosthetics/prosthesis-parts"
K06-AR03,"خيارات الأطراف الاصطناعية (MSD Manual Consumer Version, Arabic)",https://www.msdmanuals.com/ar/home/%D8%A7%D9%84%D9%85%D9%88%D8%B6%D9%88%D8%B9%D8%A7%D8%AA-%D8%A7%D9%84%D8%AE%D8%A7%D8%B5%D9%91%D9%8E%D8%A9/%D8%A7%D9%84%D8%A3%D8%B7%D8%B1%D8%A7%D9%81%D9%8F-%D8%A7%D9%84%D8%A8%D8%AF%D9%8A%D9%84%D8%A9-%D8%A3%D9%88-%D8%A7%D9%84%D8%A7%D8%B5%D8%B7%D9%86%D8%A7%D8%B9%D9%8A%D9%91%D9%8E%D8%A9/%D8%AE%D9%8A%D8%A7%D8%B1%D8%A7%D8%AA-%D8%A7%D9%84%D8%A3%D8%B7%D8%B1%D8%A7%D9%81-%D8%A7%D9%84%D8%A7%D8%B5%D8%B7%D9%86%D8%A7%D8%B9%D9%8A%D8%A9,06_professional_knowledge,K06-AR03_MSD2026_Limb_Prostheses_Options_Arabic.txt,reference,downloaded,not shown,2026-10-08,"Arabic, MSD Manual Consumer Version (patient level, not a clinical guideline). Web page, no PDF: article text saved as .txt (headings, paragraphs, list items; NFKC-normalised) with a provenance header. Header names the reviewer and dates in the Hijri calendar. Page footer: '© 2026 ... Merck & Co., Inc., Rahway, NJ, USA ... جميع الحقوق محفوظة' (all rights reserved). Gives the Arabic clinical terms the library lacked (الطرف المتبقي, الطرف الاصطناعي, التورم, الألم). English version: https://www.msdmanuals.com/home/special-subjects/limb-prosthetics/limb-prostheses-options"
K06-AR04,"تحضير الأطراف الاصطناعيَّة (MSD Manual Consumer Version, Arabic)",https://www.msdmanuals.com/ar/home/%D8%A7%D9%84%D9%85%D9%88%D8%B6%D9%88%D8%B9%D8%A7%D8%AA-%D8%A7%D9%84%D8%AE%D8%A7%D8%B5%D9%91%D9%8E%D8%A9/%D8%A7%D9%84%D8%A3%D8%B7%D8%B1%D8%A7%D9%81%D9%8F-%D8%A7%D9%84%D8%A8%D8%AF%D9%8A%D9%84%D8%A9-%D8%A3%D9%88-%D8%A7%D9%84%D8%A7%D8%B5%D8%B7%D9%86%D8%A7%D8%B9%D9%8A%D9%91%D9%8E%D8%A9/%D8%AA%D8%AD%D8%B6%D9%8A%D8%B1-%D8%A7%D9%84%D8%A3%D8%B7%D8%B1%D8%A7%D9%81-%D8%A7%D9%84%D8%A7%D8%B5%D8%B7%D9%86%D8%A7%D8%B9%D9%8A%D9%91%D9%8E%D8%A9,06_professional_knowledge,K06-AR04_MSD2026_Limb_Prosthesis_Preparation_Arabic.txt,reference,downloaded,not shown,2026-10-08,"Arabic, MSD Manual Consumer Version (patient level, not a clinical guideline). Web page, no PDF: article text saved as .txt (headings, paragraphs, list items; NFKC-normalised) with a provenance header. Header names the reviewer and dates in the Hijri calendar. Page footer: '© 2026 ... Merck & Co., Inc., Rahway, NJ, USA ... جميع الحقوق محفوظة' (all rights reserved). Gives the Arabic clinical terms the library lacked (الطرف المتبقي, الطرف الاصطناعي, التورم, الألم). English version: https://www.msdmanuals.com/home/special-subjects/limb-prosthetics/limb-prosthesis-preparation"
K06-AR05,"تركيب الطَّرف الاصطناعي (MSD Manual Consumer Version, Arabic)",https://www.msdmanuals.com/ar/home/%D8%A7%D9%84%D9%85%D9%88%D8%B6%D9%88%D8%B9%D8%A7%D8%AA-%D8%A7%D9%84%D8%AE%D8%A7%D8%B5%D9%91%D9%8E%D8%A9/%D8%A7%D9%84%D8%A3%D8%B7%D8%B1%D8%A7%D9%81%D9%8F-%D8%A7%D9%84%D8%A8%D8%AF%D9%8A%D9%84%D8%A9-%D8%A3%D9%88-%D8%A7%D9%84%D8%A7%D8%B5%D8%B7%D9%86%D8%A7%D8%B9%D9%8A%D9%91%D9%8E%D8%A9/%D8%AA%D8%B1%D9%83%D9%8A%D8%A8-%D8%A7%D9%84%D8%B7%D9%91%D9%8E%D8%B1%D9%81-%D8%A7%D9%84%D8%A7%D8%B5%D8%B7%D9%86%D8%A7%D8%B9%D9%8A,06_professional_knowledge,K06-AR05_MSD2026_Prosthesis_Fitting_Arabic.txt,reference,downloaded,not shown,2026-10-08,"Arabic, MSD Manual Consumer Version (patient level, not a clinical guideline). Web page, no PDF: article text saved as .txt (headings, paragraphs, list items; NFKC-normalised) with a provenance header. Header names the reviewer and dates in the Hijri calendar. Page footer: '© 2026 ... Merck & Co., Inc., Rahway, NJ, USA ... جميع الحقوق محفوظة' (all rights reserved). Gives the Arabic clinical terms the library lacked (الطرف المتبقي, الطرف الاصطناعي, التورم, الألم). English version: https://www.msdmanuals.com/home/special-subjects/limb-prosthetics/prosthesis-fitting"
K06-AR06,"العناية بجلد الطرف المتبقي (MSD Manual Consumer Version, Arabic)",https://www.msdmanuals.com/ar/home/%D8%A7%D9%84%D9%85%D9%88%D8%B6%D9%88%D8%B9%D8%A7%D8%AA-%D8%A7%D9%84%D8%AE%D8%A7%D8%B5%D9%91%D9%8E%D8%A9/%D8%A7%D9%84%D8%A3%D8%B7%D8%B1%D8%A7%D9%81%D9%8F-%D8%A7%D9%84%D8%A8%D8%AF%D9%8A%D9%84%D8%A9-%D8%A3%D9%88-%D8%A7%D9%84%D8%A7%D8%B5%D8%B7%D9%86%D8%A7%D8%B9%D9%8A%D9%91%D9%8E%D8%A9/%D8%A7%D9%84%D8%B9%D9%86%D8%A7%D9%8A%D8%A9-%D8%A8%D8%AC%D9%84%D8%AF-%D8%A7%D9%84%D8%B7%D8%B1%D9%81-%D8%A7%D9%84%D9%85%D8%AA%D8%A8%D9%82%D9%8A,06_professional_knowledge,K06-AR06_MSD2026_Residual_Limb_Skin_Care_Arabic.txt,reference,downloaded,not shown,2026-10-08,"Arabic, MSD Manual Consumer Version (patient level, not a clinical guideline). Web page, no PDF: article text saved as .txt (headings, paragraphs, list items; NFKC-normalised) with a provenance header. Header names the reviewer and dates in the Hijri calendar. Page footer: '© 2026 ... Merck & Co., Inc., Rahway, NJ, USA ... جميع الحقوق محفوظة' (all rights reserved). Gives the Arabic clinical terms the library lacked (الطرف المتبقي, الطرف الاصطناعي, التورم, الألم). English version: https://www.msdmanuals.com/home/special-subjects/limb-prosthetics/skin-care-of-the-residual-limb"
K06-AR07,"تورُّم الطرف المتبقي (MSD Manual Consumer Version, Arabic)",https://www.msdmanuals.com/ar/home/%D8%A7%D9%84%D9%85%D9%88%D8%B6%D9%88%D8%B9%D8%A7%D8%AA-%D8%A7%D9%84%D8%AE%D8%A7%D8%B5%D9%91%D9%8E%D8%A9/%D8%A7%D9%84%D8%A3%D8%B7%D8%B1%D8%A7%D9%81%D9%8F-%D8%A7%D9%84%D8%A8%D8%AF%D9%8A%D9%84%D8%A9-%D8%A3%D9%88-%D8%A7%D9%84%D8%A7%D8%B5%D8%B7%D9%86%D8%A7%D8%B9%D9%8A%D9%91%D9%8E%D8%A9/%D8%AA%D9%88%D8%B1%D9%8F%D9%91%D9%85-%D8%A7%D9%84%D8%B7%D8%B1%D9%81-%D8%A7%D9%84%D9%85%D8%AA%D8%A8%D9%82%D9%8A,06_professional_knowledge,K06-AR07_MSD2026_Residual_Limb_Swelling_Arabic.txt,reference,downloaded,not shown,2026-10-08,"Arabic, MSD Manual Consumer Version (patient level, not a clinical guideline). Web page, no PDF: article text saved as .txt (headings, paragraphs, list items; NFKC-normalised) with a provenance header. Header names the reviewer and dates in the Hijri calendar. Page footer: '© 2026 ... Merck & Co., Inc., Rahway, NJ, USA ... جميع الحقوق محفوظة' (all rights reserved). Gives the Arabic clinical terms the library lacked (الطرف المتبقي, الطرف الاصطناعي, التورم, الألم). English version: https://www.msdmanuals.com/home/special-subjects/limb-prosthetics/residual-limb-swelling"
K06-AR08,"ارتخاء الطرف البديل (MSD Manual Consumer Version, Arabic)",https://www.msdmanuals.com/ar/home/%D8%A7%D9%84%D9%85%D9%88%D8%B6%D9%88%D8%B9%D8%A7%D8%AA-%D8%A7%D9%84%D8%AE%D8%A7%D8%B5%D9%91%D9%8E%D8%A9/%D8%A7%D9%84%D8%A3%D8%B7%D8%B1%D8%A7%D9%81%D9%8F-%D8%A7%D9%84%D8%A8%D8%AF%D9%8A%D9%84%D8%A9-%D8%A3%D9%88-%D8%A7%D9%84%D8%A7%D8%B5%D8%B7%D9%86%D8%A7%D8%B9%D9%8A%D9%91%D9%8E%D8%A9/%D8%A7%D8%B1%D8%AA%D8%AE%D8%A7%D8%A1-%D8%A7%D9%84%D8%B7%D8%B1%D9%81-%D8%A7%D9%84%D8%A8%D8%AF%D9%8A%D9%84,06_professional_knowledge,K06-AR08_MSD2026_Prosthesis_Loosening_Arabic.txt,reference,downloaded,not shown,2026-10-08,"Arabic, MSD Manual Consumer Version (patient level, not a clinical guideline). Web page, no PDF: article text saved as .txt (headings, paragraphs, list items; NFKC-normalised) with a provenance header. Header names the reviewer and dates in the Hijri calendar. Page footer: '© 2026 ... Merck & Co., Inc., Rahway, NJ, USA ... جميع الحقوق محفوظة' (all rights reserved). Gives the Arabic clinical terms the library lacked (الطرف المتبقي, الطرف الاصطناعي, التورم, الألم). English version: https://www.msdmanuals.com/home/special-subjects/limb-prosthetics/prosthesis-loosening"
K06-AR09,"الألم بعد البتر (MSD Manual Consumer Version, Arabic)",https://www.msdmanuals.com/ar/home/%D8%A7%D9%84%D9%85%D9%88%D8%B6%D9%88%D8%B9%D8%A7%D8%AA-%D8%A7%D9%84%D8%AE%D8%A7%D8%B5%D9%91%D9%8E%D8%A9/%D8%A7%D9%84%D8%A3%D8%B7%D8%B1%D8%A7%D9%81%D9%8F-%D8%A7%D9%84%D8%A8%D8%AF%D9%8A%D9%84%D8%A9-%D8%A3%D9%88-%D8%A7%D9%84%D8%A7%D8%B5%D8%B7%D9%86%D8%A7%D8%B9%D9%8A%D9%91%D9%8E%D8%A9/%D8%A7%D9%84%D8%A3%D9%84%D9%85-%D8%A8%D8%B9%D8%AF-%D8%A7%D9%84%D8%A8%D8%AA%D8%B1,06_professional_knowledge,K06-AR09_MSD2026_Pain_Following_Amputation_Arabic.txt,reference,downloaded,not shown,2026-10-08,"Arabic, MSD Manual Consumer Version (patient level, not a clinical guideline). Web page, no PDF: article text saved as .txt (headings, paragraphs, list items; NFKC-normalised) with a provenance header. Header names the reviewer and dates in the Hijri calendar. Page footer: '© 2026 ... Merck & Co., Inc., Rahway, NJ, USA ... جميع الحقوق محفوظة' (all rights reserved). Gives the Arabic clinical terms the library lacked (الطرف المتبقي, الطرف الاصطناعي, التورم, الألم). English version: https://www.msdmanuals.com/home/special-subjects/limb-prosthetics/pain-following-amputation"
K06-AR10,"إعادة التأهيل بعد بتر الطرف (MSD Manual Consumer Version, Arabic)",https://www.msdmanuals.com/ar/home/%D8%A7%D9%84%D9%85%D9%88%D8%B6%D9%88%D8%B9%D8%A7%D8%AA-%D8%A7%D9%84%D8%AE%D8%A7%D8%B5%D9%91%D9%8E%D8%A9/%D8%A5%D8%B9%D8%A7%D8%AF%D8%A9-%D8%A7%D9%84%D8%AA%D8%A3%D9%87%D9%8A%D9%84/%D8%A5%D8%B9%D8%A7%D8%AF%D8%A9-%D8%A7%D9%84%D8%AA%D8%A3%D9%87%D9%8A%D9%84-%D8%A8%D8%B9%D8%AF-%D8%A8%D8%AA%D8%B1-%D8%A7%D9%84%D8%B7%D8%B1%D9%81,06_professional_knowledge,K06-AR10_MSD2026_Rehabilitation_After_Limb_Amputation_Arabic.txt,reference,downloaded,not shown,2026-10-08,"Arabic, MSD Manual Consumer Version (patient level, not a clinical guideline). Web page, no PDF: article text saved as .txt (headings, paragraphs, list items; NFKC-normalised) with a provenance header. Header names the reviewer and dates in the Hijri calendar. Page footer: '© 2026 ... Merck & Co., Inc., Rahway, NJ, USA ... جميع الحقوق محفوظة' (all rights reserved). Gives the Arabic clinical terms the library lacked (الطرف المتبقي, الطرف الاصطناعي, التورم, الألم). English version: https://www.msdmanuals.com/home/special-subjects/rehabilitation/rehabilitation-after-limb-amputation"
