key,English,Arabic,where it appears,corrected Arabic,comment
nav.other_language,العربية,English,intake/templates/intake_form.html; review/templates/review.html,,
nav.other_code,ar,en,intake/templates/intake_form.html; review/templates/review.html,,
disclaimer,"This is automated decision support, not a clinical assessment, diagnosis or prescription. It lists intake information that appears to be missing and quotes what the guidelines and manuals in its source library say about this case's prosthetic components, design and fitting, each with the source's own grade where it gives one. It does not choose or rank components. It does not judge whether the patient is ready for fitting. Every item requires review by a qualified prosthetics specialist, who makes the decision. The lists may be incomplete: a field that is not listed has not been checked for adequacy, only for being filled in, and only statements in the source library are shown.",هذه أداة آلية لدعم القرار، وليست تقييماً سريرياً ولا تشخيصاً ولا وصفةً. تعرض المعلومات الناقصة في بيانات الحالة، وتقتبس ما تقوله الأدلة الإرشادية والأدلة التدريبية في مكتبة مصادرها عن مكوّنات الطرف الاصطناعي لهذه الحالة وتصميمه وتركيبه، مع درجة التوصية التي يحددها المصدر إن وُجدت. لا تختار المكوّنات ولا ترتّبها. لا تحكم على جاهزية المريض للتركيب. كل بند يحتاج إلى مراجعة مختص مؤهل في الأطراف الاصطناعية، والقرار له. قد تكون القوائم غير مكتملة: البند غير المدرج فُحص من حيث تعبئته فقط لا من حيث كفاية محتواه، ولا يُعرض إلا ما في مكتبة المصادر من بيانات.,review/templates/review.html,,
intake.page_title,New Case Intake — AI Prosthetic Lab,إدخال حالة جديدة — AI Prosthetic Lab,intake/templates/intake_form.html,,
intake.heading,New Case Intake,إدخال حالة جديدة,intake/templates/intake_form.html,,
intake.banner,"This tool lists missing intake information and quotes what published guidelines and manuals say about the case's prosthetic components, design and fitting. It does not diagnose, prescribe or choose components: the specialist decides.",تعرض هذه الأداة المعلومات الناقصة في بيانات الحالة، وتقتبس ما تقوله الأدلة الإرشادية والأدلة التدريبية المنشورة عن مكوّنات الطرف الاصطناعي للحالة وتصميمه وتركيبه. لا تشخّص ولا تصف ولا تختار المكوّنات: القرار للمختص.,intake/templates/intake_form.html,,
intake.not_saved,Case not saved:,لم تُحفظ الحالة:,intake/templates/intake_form.html,,
intake.amputation,Amputation,البتر,intake/templates/intake_form.html,,
intake.amputation_level,Amputation level,مستوى البتر,intake/routes.py; intake/templates/intake_form.html; review/templates/review.html,,
intake.select,Select…,اختر…,intake/templates/intake_form.html,,
intake.side,Side,الجانب,intake/routes.py; intake/templates/intake_form.html; review/templates/review.html,,
intake.etiology,Etiology,سبب البتر,intake/routes.py; intake/templates/intake_form.html; review/templates/review.html,,
intake.not_recorded,Not recorded,لم يُسجَّل,intake/templates/intake_form.html,,
intake.months_since_amputation,Months since amputation,عدد الأشهر منذ البتر,intake/routes.py; intake/templates/intake_form.html; review/templates/review.html,,
intake.demographics,Demographics,البيانات الديموغرافية,intake/templates/intake_form.html,,
intake.age,Age (years),العمر (بالسنوات),intake/routes.py; intake/templates/intake_form.html,,
intake.body_weight,Body weight (kg),وزن الجسم (كغ),intake/routes.py; intake/templates/intake_form.html,,
intake.residual_limb,Residual limb,الطرف المتبقي,intake/templates/intake_form.html,,
intake.wound_status,Wound status,حالة الجرح,intake/routes.py; intake/templates/intake_form.html,,
intake.volume_stability,Volume stability,ثبات الحجم,intake/routes.py; intake/templates/intake_form.html,,
intake.skin_condition,Skin condition,حالة الجلد,intake/templates/intake_form.html,,
intake.length,Residual limb length,طول الطرف المتبقي,intake/templates/intake_form.html,,
intake.pain,Pain (residual limb / phantom),الألم (في الطرف المتبقي / ألم شبحي),intake/templates/intake_form.html,,
intake.sensation,Sensation,الإحساس,intake/templates/intake_form.html,,
intake.activity,Activity,النشاط,intake/templates/intake_form.html,,
intake.k_level,K-level (lower limb only),المستوى الوظيفي K (للطرف السفلي فقط),intake/routes.py; intake/templates/intake_form.html,,
intake.activity_description,Current activity (in patient's own terms),النشاط الحالي (بكلمات المريض نفسه),intake/templates/intake_form.html,,
intake.functional_goals,Functional goals,الأهداف الوظيفية,intake/templates/intake_form.html,,
intake.prior_prostheses,Prior prostheses,الأطراف الاصطناعية السابقة,intake/templates/intake_form.html; review/templates/review.html,,
intake.no_prior,"No prior prosthesis (asked, none used)",لا يوجد طرف اصطناعي سابق (سُئل المريض ولم يستخدم أياً منها),intake/templates/intake_form.html,,
intake.no_prior_hint,Leave this section empty if device history wasn't asked.,اترك هذا القسم فارغاً إذا لم يُسأل عن الأطراف السابقة.,intake/templates/intake_form.html,,
intake.device,Device {n},الجهاز {n},intake/templates/intake_form.html,,
intake.device_placeholder,"e.g. transtibial PTB socket, SACH foot",مثال: تجويف PTB لبتر تحت الركبة، قدم SACH,intake/templates/intake_form.html,,
intake.years_used,Years used,سنوات الاستخدام,intake/routes.py; intake/templates/intake_form.html,,
intake.currently_using,Currently using,يستخدمه حالياً,intake/templates/intake_form.html,,
intake.yes,yes,نعم,intake/templates/intake_form.html,,
intake.no,no,لا,intake/templates/intake_form.html,,
intake.device_issues,"Issues (fit, comfort, skin, mechanical)",المشكلات (الملاءمة، الراحة، الجلد، الأعطال الميكانيكية),intake/templates/intake_form.html,,
intake.other_context,Other context,معلومات أخرى,intake/templates/intake_form.html,,
intake.comorbidities,"Comorbidities (one per line, or ""none"" if none)",الأمراض المصاحبة (مرض في كل سطر، أو «لا يوجد» إن لم توجد),intake/templates/intake_form.html,,
intake.contralateral,Contralateral limb status,حالة الطرف المقابل,intake/templates/intake_form.html,,
intake.cognitive,Cognitive status,الحالة الإدراكية,intake/templates/intake_form.html,,
intake.notes,Intake notes,ملاحظات الإدخال,intake/templates/intake_form.html,,
intake.submit,Submit case,إرسال الحالة,intake/templates/intake_form.html,,
review.page_title,Case Review — AI Prosthetic Lab,مراجعة الحالة — AI Prosthetic Lab,review/templates/review.html,,
review.heading,Case Review — {case_id},مراجعة الحالة — {case_id},review/templates/review.html,,
review.not_searched,The source library was not searched.,لم يُبحث في مكتبة المصادر. التفاصيل التقنية:,review/templates/review.html,,
review.saved,Decision saved to the review log:,حُفظ القرار في سجل المراجعة:,review/templates/review.html,,
review.not_saved,Decision not saved:,لم يُحفظ القرار:,review/templates/review.html,,
review.case,Case,الحالة,review/templates/review.html,,
review.age,Age,العمر,review/templates/review.html,,
review.none_used,none used,لم يستخدم أي طرف اصطناعي,review/templates/review.html,,
review.years,{years} years,سنوات الاستخدام: {years},review/templates/review.html,,
review.in_use,in use,قيد الاستخدام,review/templates/review.html,,
review.no_longer_used,no longer used,لم يعد مستخدَماً,review/templates/review.html,,
review.issues,issues:,المشكلات:,review/templates/review.html,,
review.gaps_heading,Information gaps ({n}),المعلومات الناقصة ({n}),review/templates/review.html,,
review.similarity,similarity {score},التشابه {score},review/templates/review.html,,
review.full_passage,Full passage,المقطع كاملاً,review/templates/review.html,,
review.no_source,No source cited.,لم يُستشهد بأي مصدر.,review/templates/review.html,,
review.retrieved,Passages retrieved for this field ({n}),المقاطع المسترجعة لهذا البند ({n}),review/templates/review.html,,
review.not_marked,Not marked,بلا تحديد,review/templates/review.html,,
review.needed,Needed,مطلوب,review/templates/review.html,,
review.not_needed,Not needed for this case,غير مطلوب لهذه الحالة,review/templates/review.html,,
review.no_gaps,No gaps identified: every listed intake field is filled in.,لم تُحدَّد أي معلومات ناقصة: كل بنود الإدخال المدرجة مُعبَّأة.,review/templates/review.html,,
review.decision_heading,Reviewer decision,قرار المختص,review/templates/review.html,,
review.note_placeholder,Note (required for Edit: what should change),ملاحظة (مطلوبة عند التعديل: ما الذي يجب تغييره),review/templates/review.html,,
review.approve,Approve,اعتماد,review/templates/review.html,,
review.edit,Edit,تعديل,review/templates/review.html,,
review.reject,Reject,رفض,review/templates/review.html,,
review.logged_heading,Logged decisions for this case ({n}),القرارات المسجلة لهذه الحالة ({n}),review/templates/review.html,,
review.log_saved_in,Saved in,محفوظة في,review/templates/review.html,,
review.log_order,", oldest first. Logged decisions are never changed.",، الأقدم أولاً. لا تُغيَّر القرارات المسجلة أبداً.,review/templates/review.html,,
functional.heading,Functional level and goals,المستوى الوظيفي والأهداف,review/templates/review.html,,
functional.k_level,Recorded K-level:,المستوى الوظيفي المسجَّل (K):,review/templates/review.html,,
functional.k_not_recorded,not recorded,لم يُسجَّل,review/templates/review.html,,
functional.description,How the source describes this level:,وصف المصدر لهذا المستوى:,review/templates/review.html,,
functional.cautions,What the same source says about K-levels:,ما يقوله المصدر نفسه عن مستويات K:,review/templates/review.html,,
functional.all_levels,All K-level descriptions (K0–K4),أوصاف كل المستويات (K0–K4),review/templates/review.html,,
functional.upper_limb,"K-levels describe the intended use of a lower-limb prosthesis, so none is shown for an upper-limb case.",مستويات K تصف الاستخدام المقصود للطرف الاصطناعي السفلي، لذا لا يُعرض أي منها لحالة بتر في الطرف العلوي.,review/templates/review.html,,
functional.activity,Current activity (as recorded),النشاط الحالي (كما سُجِّل),review/templates/review.html,,
functional.goals,Functional goals (as recorded),الأهداف الوظيفية (كما سُجِّلت),review/templates/review.html,,
components.heading,What the guidelines say about components ({n} statements),ما تقوله الأدلة الإرشادية عن المكوّنات ({n} بيانات),review/templates/review.html,,
components.intro,"Statements from the guidelines in the source library that apply to this case, quoted word for word with each guideline's own grade. They are not ranked and are not a prescription: the specialist decides.",بيانات من الأدلة الإرشادية في مكتبة المصادر تنطبق على هذه الحالة، مقتبسة حرفياً مع درجة التوصية التي يحددها كل دليل. ليست مرتّبة وليست وصفة: القرار للمختص.,review/templates/review.html,,
components.k_not_recorded,"Functional level (K-level) is not recorded, so statements that apply only at a specific K-level are not shown.",المستوى الوظيفي (K) لم يُسجَّل، لذا لا تُعرض البيانات الخاصة بمستوى K محدد.,reasoning/component_support.py; reasoning/models.py,,
components.k0,"K0 is recorded, so statements about prosthetic or community ambulators are not shown: the CMS document describes K0 as no ability or potential to ambulate or transfer safely.",سُجِّل المستوى K0، لذا لا تُعرض البيانات الخاصة بمن يمشون بالطرف الاصطناعي: تصف وثيقة CMS المستوى K0 بعدم القدرة أو الإمكانية على المشي أو الانتقال بأمان.,reasoning/component_support.py,,
components.no_statement,No statement in the source library covers this component for this case.,لا يوجد في مكتبة المصادر بيان يتناول هذا المكوّن لهذه الحالة.,review/templates/review.html,,
components.grade,Source grade:,درجة التوصية في المصدر:,review/templates/review.html,,
components.same_source,"Same source, {pages}",المصدر نفسه، {pages},review/templates/review.html,,
grade.Weak for,Weak for,ضعيفة لصالح,review/templates/review.html,,
grade.Neither for nor against,Neither for nor against,لا لصالح ولا ضد,review/templates/review.html,,
grade.none,none given,غير محددة,review/templates/review.html,,
source_type.protocol,guideline or protocol,دليل إرشادي أو بروتوكول,review/templates/review.html,,
source_type.professional_knowledge,professional knowledge (manual),معرفة مهنية (دليل تدريبي),review/templates/review.html,,
source_type.scientific_reference,scientific reference,مرجع علمي,review/templates/review.html,,
source_type.applied_case,applied case,حالة تطبيقية,review/templates/review.html,,
source_type.structured_data,structured data,بيانات منظمة,review/templates/review.html,,
source_type.specialist_expertise,specialist expertise,خبرة المختصين,review/templates/review.html,,
component.knee,Knee unit,وحدة الركبة,review/templates/review.html,,
component.foot_ankle,Foot and ankle,القدم والكاحل,review/templates/review.html,,
component.pylon,Pylon,الأنبوب الواصل (البايلون),review/templates/review.html,,
component.socket,Socket,التجويف (السوكيت),review/templates/review.html,,
component.interface,Interface (liner or socket insert),الواجهة (البطانة أو الحشوة الداخلية),review/templates/review.html,,
component.suspension,Suspension,نظام التعليق,review/templates/review.html,,
component.prosthesis_type,Type of prosthesis,نوع الطرف الاصطناعي,review/templates/review.html,,
component.control_and_fit,"Control strategy, socket, suspension and components",طريقة التحكم والتجويف والتعليق والمكوّنات,review/templates/review.html,,
fitting.heading,What the sources say about design and fitting ({n} statements),ما تقوله المصادر عن التصميم والتركيب ({n} بيانات),review/templates/review.html,,
fitting.intro,"Statements from the guidelines and manuals in the source library on readiness for fitting, a preparatory or definitive prosthesis, fitting, and alignment, quoted word for word. They do not say whether this patient is ready, or how the prosthesis should be built or aligned: the specialist decides.",بيانات من الأدلة الإرشادية والأدلة التدريبية في مكتبة المصادر عن الجاهزية للتركيب، والطرف الاصطناعي التمهيدي أو النهائي، والتركيب، والمحاذاة، مقتبسة حرفياً. لا تحدد ما إذا كان هذا المريض جاهزاً، ولا كيف يُصنع الطرف أو تُضبط محاذاته: القرار للمختص.,review/templates/review.html,,
fitting.components_above,"Socket, interface and suspension are listed with the components above.",التجويف والواجهة ونظام التعليق مدرجة مع المكوّنات أعلاه.,review/templates/review.html,,
fitting.recorded,"Recorded at intake for this case (as entered, not judged):",ما سُجِّل لهذه الحالة عند الإدخال (كما أُدخل، دون تقييم):,review/templates/review.html,,
fitting.none_reported,none reported,لا يوجد,review/templates/review.html,,
fitting.months,{n} months,عدد الأشهر: {n},review/templates/review.html,,
fitting.no_statement,No statement in the source library covers this for this case.,لا يوجد في مكتبة المصادر بيان يتناول هذا الجانب لهذه الحالة.,review/templates/review.html,,
fitting_section.readiness,Readiness for fitting,الجاهزية للتركيب,review/templates/review.html,,
fitting_section.prosthesis_stage,Preparatory or definitive prosthesis,طرف اصطناعي تمهيدي (مؤقت) أو نهائي,review/templates/review.html,,
fitting_section.fitting,"Fitting, check-out and follow-up",التركيب والفحص النهائي والمتابعة,review/templates/review.html,,
fitting_section.alignment,Alignment,المحاذاة,review/templates/review.html,,
review.relevant,Relevant,ذو صلة,review/templates/review.html,,
review.not_relevant,Not relevant for this case,غير ذي صلة بهذه الحالة,review/templates/review.html,,
decision.approve,approve,اعتماد,review/templates/review.html,,
decision.edit,edit,تعديل,review/templates/review.html,,
decision.reject,reject,رفض,review/templates/review.html,,
summary.needed,{n} needed,مطلوب: {n},review/routes.py,,
summary.not_needed,{n} not needed,غير مطلوب: {n},review/routes.py,,
summary.not_marked,{n} not marked,بلا تحديد: {n},review/routes.py,,
summary.separator,", ",، ,review/routes.py,,
summary.no_gaps,no gaps,لا معلومات ناقصة,review/routes.py,,
summary.components,; components: ,؛ المكوّنات: ,review/routes.py,,
summary.fitting,; design and fitting: ,؛ التصميم والتركيب: ,review/routes.py,,
summary.relevant,{n} relevant,ذو صلة: {n},review/routes.py,,
summary.not_relevant,{n} not relevant,غير ذي صلة: {n},review/routes.py,,
doclang.en,en,إنجليزي,review/templates/review.html,,
doclang.ar,ar,عربي,review/templates/review.html,,
doclang.de,de,ألماني,review/templates/review.html,,
status.not recorded,not recorded,لم يُسجَّل,review/templates/review.html,,
status.recorded as unknown,recorded as unknown,سُجِّل غير معروف,review/templates/review.html,,
gap.not_recorded,{label} was not recorded at intake.,لم يُسجَّل البند «{label}» عند إدخال الحالة.,reasoning/gap_analysis.py,,
gap.recorded_unknown,{label} was recorded as unknown.,سُجِّل البند «{label}» على أنه غير معروف.,reasoning/gap_analysis.py,,
gap.no_source,"No passage in the source library was found on this topic, so whether it is needed is for the specialist to judge.",لم يُعثر في مكتبة المصادر على مقطع يتناول هذا الموضوع، لذا فتقدير الحاجة إليه متروك للمختص.,reasoning/gap_analysis.py,,
gap.cited,{citation} discusses this topic (quoted below); check whether it applies to this case.,يتناول المصدر المذكور أدناه هذا الموضوع (انظر الاقتباس)؛ تحقَّق مما إذا كان ينطبق على هذه الحالة.,reasoning/gap_analysis.py,,
error.required.amputation_level,amputation_level is required,مستوى البتر مطلوب,intake/routes.py,,
error.required.side,side is required,الجانب مطلوب,intake/routes.py,,
error.yes_no,"expected yes or no, got {value!r}",القيمة المتوقعة «نعم» أو «لا»، والمُرسَلة «{value}»,intake/routes.py,,
error.device_details_only,"prior device {n}: describe the device, not only its details",الجهاز السابق {n}: صِف الجهاز نفسه، لا تفاصيله فقط,intake/routes.py,,
error.device_invalid,prior device {n}: {detail},الجهاز السابق {n}: {detail},intake/routes.py,,
error.no_prior_but_device,"""No prior prosthesis"" is ticked, but a device is described",خيار «لا يوجد طرف اصطناعي سابق» محدَّد، لكن وُصف جهاز,intake/routes.py,,
error.whole_number,{field}: enter a whole number.,{field}: أدخل عدداً صحيحاً.,intake/routes.py,,
error.number,{field}: enter a number.,{field}: أدخل رقماً.,intake/routes.py,,
error.not_negative,{field}: enter 0 or more.,{field}: أدخل صفراً أو أكثر.,intake/routes.py,,
error.positive,{field}: enter a number greater than 0.,{field}: أدخل رقماً أكبر من صفر.,intake/routes.py,,
error.unknown_choice,{field}: choose one of the listed options.,{field}: اختر أحد الخيارات المعروضة.,intake/routes.py,,
error.invalid_input,A value could not be read. Check the form and try again.,تعذّرت قراءة إحدى القيم. راجع النموذج وحاول مرة أخرى.,intake/routes.py,,
error.unknown_decision,"Unknown decision {decision!r}: expected approve, edit or reject.",قرار غير معروف «{decision}»: المتوقع اعتماد أو تعديل أو رفض.,review/decision_log.py,,
error.edit_needs_note,An edit needs a note saying what should change.,التعديل يحتاج إلى ملاحظة توضح ما الذي يجب تغييره.,review/decision_log.py,,
error.not_a_gap,{field!r} is not one of this case's gaps.,البند «{field}» ليس من المعلومات الناقصة في هذه الحالة.,review/decision_log.py,,
error.unknown_judgement,Unknown judgement {judgement!r} for {field!r}.,تقدير غير معروف «{judgement}» للبند «{field}».,review/decision_log.py,,
error.not_a_statement,{statement!r} is not one of the statements shown for this case.,البيان «{statement}» ليس من البيانات المعروضة لهذه الحالة.,review/decision_log.py,,
field_label:residual_limb.wound_status,Residual limb wound status,حالة جرح الطرف المتبقي,reasoning/gap_analysis.py; review/templates/review.html,,
field_label:residual_limb.volume_stability,Residual limb volume stability,ثبات حجم الطرف المتبقي,reasoning/gap_analysis.py; review/templates/review.html,,
field_label:residual_limb.skin_condition,Residual limb skin condition,حالة جلد الطرف المتبقي,reasoning/gap_analysis.py; review/templates/review.html,,
field_label:residual_limb.length_description,Residual limb length and shape,طول الطرف المتبقي وشكله,reasoning/gap_analysis.py; review/templates/review.html,,
field_label:residual_limb.pain,Residual limb and phantom pain,ألم الطرف المتبقي والألم الشبحي,reasoning/gap_analysis.py; review/templates/review.html,,
field_label:residual_limb.sensation,Residual limb sensation,الإحساس في الطرف المتبقي,reasoning/gap_analysis.py; review/templates/review.html,,
field_label:activity.k_level,Functional level (K-level),المستوى الوظيفي (K),reasoning/gap_analysis.py; review/templates/review.html,,
field_label:activity.description,Current activity and mobility,النشاط والتنقل الحاليان,reasoning/gap_analysis.py; review/templates/review.html,,
field_label:activity.functional_goals,Functional goals,الأهداف الوظيفية,reasoning/gap_analysis.py; review/templates/review.html,,
field_label:prior_devices,Prior prosthesis use,استخدام أطراف اصطناعية سابقة,reasoning/gap_analysis.py; review/templates/review.html,,
field_label:comorbidities,Comorbidities,الأمراض المصاحبة,reasoning/gap_analysis.py; review/templates/review.html,,
field_label:contralateral_limb_status,Contralateral limb status,حالة الطرف المقابل,reasoning/gap_analysis.py; review/templates/review.html,,
field_label:cognitive_status,Cognitive status,الحالة الإدراكية,reasoning/gap_analysis.py; review/templates/review.html,,
field_label:etiology,Cause of amputation,سبب البتر,reasoning/gap_analysis.py; review/templates/review.html,,
field_label:months_since_amputation,Time since amputation,المدة منذ البتر,reasoning/gap_analysis.py; review/templates/review.html,,
field_label:age_years,Age,العمر,reasoning/gap_analysis.py; review/templates/review.html,,
field_label:body_weight_kg,Body weight,وزن الجسم,reasoning/gap_analysis.py; review/templates/review.html,,
choice:AmputationLevel.partial_foot,partial foot,بتر جزئي في القدم,intake/templates/intake_form.html; review/templates/review.html,,
choice:AmputationLevel.syme,syme,بتر سايم (عند الكاحل),intake/templates/intake_form.html; review/templates/review.html,,
choice:AmputationLevel.transtibial,transtibial,بتر تحت الركبة,intake/templates/intake_form.html; review/templates/review.html,,
choice:AmputationLevel.knee_disarticulation,knee disarticulation,فصل مفصل الركبة,intake/templates/intake_form.html; review/templates/review.html,,
choice:AmputationLevel.transfemoral,transfemoral,بتر فوق الركبة,intake/templates/intake_form.html; review/templates/review.html,,
choice:AmputationLevel.hip_disarticulation,hip disarticulation,فصل مفصل الورك,intake/templates/intake_form.html; review/templates/review.html,,
choice:AmputationLevel.partial_hand,partial hand,بتر جزئي في اليد,intake/templates/intake_form.html; review/templates/review.html,,
choice:AmputationLevel.wrist_disarticulation,wrist disarticulation,فصل مفصل الرسغ,intake/templates/intake_form.html; review/templates/review.html,,
choice:AmputationLevel.transradial,transradial,بتر تحت المرفق,intake/templates/intake_form.html; review/templates/review.html,,
choice:AmputationLevel.elbow_disarticulation,elbow disarticulation,فصل مفصل المرفق,intake/templates/intake_form.html; review/templates/review.html,,
choice:AmputationLevel.transhumeral,transhumeral,بتر فوق المرفق,intake/templates/intake_form.html; review/templates/review.html,,
choice:AmputationLevel.shoulder_disarticulation,shoulder disarticulation,فصل مفصل الكتف,intake/templates/intake_form.html; review/templates/review.html,,
choice:Side.left,left,أيسر,intake/templates/intake_form.html; review/templates/review.html,,
choice:Side.right,right,أيمن,intake/templates/intake_form.html; review/templates/review.html,,
choice:Side.bilateral,bilateral,ثنائي الجانب,intake/templates/intake_form.html; review/templates/review.html,,
choice:Etiology.vascular,vascular,وعائي,intake/templates/intake_form.html; review/templates/review.html,,
choice:Etiology.trauma,trauma,رضّي (إصابة),intake/templates/intake_form.html; review/templates/review.html,,
choice:Etiology.oncologic,oncologic,ورمي,intake/templates/intake_form.html; review/templates/review.html,,
choice:Etiology.infection,infection,عدوى,intake/templates/intake_form.html; review/templates/review.html,,
choice:Etiology.congenital,congenital,خَلقي,intake/templates/intake_form.html; review/templates/review.html,,
choice:Etiology.other,other,سبب آخر,intake/templates/intake_form.html; review/templates/review.html,,
choice:Etiology.unknown,unknown,غير معروف,intake/templates/intake_form.html; review/templates/review.html,,
choice:ActivityLevel.K0,K0,K0,intake/templates/intake_form.html; review/templates/review.html,,
choice:ActivityLevel.K1,K1,K1,intake/templates/intake_form.html; review/templates/review.html,,
choice:ActivityLevel.K2,K2,K2,intake/templates/intake_form.html; review/templates/review.html,,
choice:ActivityLevel.K3,K3,K3,intake/templates/intake_form.html; review/templates/review.html,,
choice:ActivityLevel.K4,K4,K4,intake/templates/intake_form.html; review/templates/review.html,,
choice:ActivityLevel.unknown,unknown,غير معروف,intake/templates/intake_form.html; review/templates/review.html,,
choice:WoundStatus.healed,healed,ملتئم,intake/templates/intake_form.html; review/templates/review.html,,
choice:WoundStatus.healing,healing,قيد الالتئام,intake/templates/intake_form.html; review/templates/review.html,,
choice:WoundStatus.open,open,مفتوح,intake/templates/intake_form.html; review/templates/review.html,,
choice:WoundStatus.unknown,unknown,غير معروف,intake/templates/intake_form.html; review/templates/review.html,,
choice:VolumeStability.stable,stable,مستقر,intake/templates/intake_form.html; review/templates/review.html,,
choice:VolumeStability.fluctuating,fluctuating,متذبذب,intake/templates/intake_form.html; review/templates/review.html,,
choice:VolumeStability.unknown,unknown,غير معروف,intake/templates/intake_form.html; review/templates/review.html,,
